{
	"class_name" : "PinholeCameraParameters",
	"extrinsic" : 
	[
		-0.96784111734834111,
		-0.03090183915936719,
		0.24965706059809992,
		0.0,
		0.047237642491018625,
		0.95244820185279078,
		0.30101665721231491,
		0.0,
		-0.24708738677197881,
		0.30312950883072104,
		-0.92035880186709818,
		0.0,
		17.954144588913071,
		-2.902089280925205,
		34.500489203219473,
		1.0
	],
	"intrinsic" : 
	{
		"height" : 1846,
		"intrinsic_matrix" : 
		[
			1598.6828953860741,
			0.0,
			0.0,
			0.0,
			1598.6828953860741,
			0.0,
			1469.5,
			922.5,
			1.0
		],
		"width" : 2940
	},
	"version_major" : 1,
	"version_minor" : 0
}