{
	"class_name" : "PinholeCameraParameters",
	"extrinsic" : 
	[
		0.72143636055459304,
		-0.6283097959374041,
		-0.29112948665300287,
		0.0,
		-0.59240931793070073,
		-0.77768770320109837,
		0.21036405662251892,
		0.0,
		-0.35858161929834798,
		0.020703541216370039,
		-0.93326876390591629,
		0.0,
		1.2034751992119723,
		-0.89837604461760001,
		39.270897865340494,
		1.0
	],
	"intrinsic" : 
	{
		"height" : 1080,
		"intrinsic_matrix" : 
		[
			935.30743608719399,
			0.0,
			0.0,
			0.0,
			935.30743608719399,
			0.0,
			959.5,
			539.5,
			1.0
		],
		"width" : 1920
	},
	"version_major" : 1,
	"version_minor" : 0
}