{
	"class_name" : "PinholeCameraParameters",
	"extrinsic" : 
	[
		0.61867343170956013,
		-0.70316484366463516,
		-0.35043171593165706,
		0.0,
		-0.46373779506138108,
		-0.68688983302982376,
		0.55957985552722456,
		0.0,
		-0.63418486447433053,
		-0.18368875826884498,
		-0.75104460437268639,
		0.0,
		12.746610284944452,
		7.6138568324954621,
		36.177878292949543,
		1.0
	],
	"intrinsic" : 
	{
		"height" : 1080,
		"intrinsic_matrix" : 
		[
			935.30743608719399,
			0.0,
			0.0,
			0.0,
			935.30743608719399,
			0.0,
			959.5,
			539.5,
			1.0
		],
		"width" : 1920
	},
	"version_major" : 1,
	"version_minor" : 0
}