{
	"class_name" : "PinholeCameraParameters",
	"extrinsic" : 
	[
		0.73181113762960959,
		-0.034706839195415083,
		-0.68062316604294359,
		0.0,
		-0.087216105769136562,
		-0.99525989232204859,
		-0.043024384127737854,
		0.0,
		-0.67590369856638854,
		0.090847025532859116,
		-0.73136926939550084,
		0.0,
		16.059140979397284,
		-10.534479211717828,
		33.900479700133886,
		1.0
	],
	"intrinsic" : 
	{
		"height" : 1080,
		"intrinsic_matrix" : 
		[
			935.30743608719399,
			0.0,
			0.0,
			0.0,
			935.30743608719399,
			0.0,
			959.5,
			539.5,
			1.0
		],
		"width" : 1920
	},
	"version_major" : 1,
	"version_minor" : 0
}