{
	"class_name" : "PinholeCameraParameters",
	"extrinsic" : 
	[
		-0.053287995437642358,
		0.56733796594515007,
		-0.82175910213362258,
		0.0,
		0.83763543300526122,
		-0.42260451860454246,
		-0.34608135203895574,
		0.0,
		-0.54362420008340917,
		-0.70677652285021653,
		-0.45270263510546405,
		0.0,
		25.894806678517661,
		16.068328777985954,
		26.846618031506754,
		1.0
	],
	"intrinsic" : 
	{
		"height" : 1080,
		"intrinsic_matrix" : 
		[
			935.30743608719399,
			0.0,
			0.0,
			0.0,
			935.30743608719399,
			0.0,
			959.5,
			539.5,
			1.0
		],
		"width" : 1920
	},
	"version_major" : 1,
	"version_minor" : 0
}